System,precision,recall,f1,fpr,fnr,fa_per_hour,scenario_recall,mean_lead_time_sec,median_lead_time_sec
Baseline,0.14285714285714285,0.6666666666666666,0.23529411764705882,0.6666666666666666,0.3333333333333333,2057.1428571428573,0.16666666666666666,0.0,0.0
Rules Only,0.0,0.0,0.0,0.0,1.0,0.0,0.0,0.0,0.0
Anomaly Only,0.14285714285714285,0.0013333333333333333,0.002642007926023778,0.0013333333333333333,0.9986666666666667,4.114285714285715,0.16666666666666666,-3.0,-3.0
Rules + Anomaly,0.14285714285714285,0.0013333333333333333,0.002642007926023778,0.0013333333333333333,0.9986666666666667,4.114285714285715,0.16666666666666666,-3.0,-3.0
Full Fusion,0.0,0.0,0.0,0.0,1.0,0.0,0.0,0.0,0.0
